THREADING LM O2,,JOEL LM O3,NO THREADING,O3 LM
0.001,1000,0.002522,0.001,0.001
0.001,2000,0.005014,0.002,0.002
0.002,3000,0.007535,0.002,0.002
0.003,4000,0.010017,0.002,0.003
0.004,5000,0.012532,0.003,0.004
0.004,6000,0.013514,0.005,0.004
0.005,7000,0.007009,0.005,0.005
0.005,8000,0.008009,0.006,0.006
0.006,9000,0.009012,0.007,0.006
0.008,10000,0.01001,0.007,0.008
0.009,11000,0.011012,0.008,0.008
0.009,12000,0.012012,0.008,0.009
0.01,13000,0.013013,0.01,0.01
0.012,14000,0.014021,0.011,0.011
0.012,15000,0.01502,0.011,0.045
0.012,16000,0.016017,0.011,0.012
0.013,17000,0.017017,0.012,0.013
0.014,18000,0.018018,0.015,0.014
0.015,19000,0.019023,0.015,0.015
0.015,20000,0.020022,0.016,0.015
0.015,21000,0.021022,0.017,0.016
0.016,22000,0.022028,0.017,0.017
0.018,23000,0.023024,0.018,0.02
0.019,24000,0.024029,0.018,0.019
0.019,25000,0.025025,0.019,0.019
0.019,26000,0.026029,0.019,0.019
0.022,27000,0.027024,0.02,0.019
0.02,28000,0.028031,0.021,0.021
0.022,29000,0.029032,0.023,0.021
0.022,30000,0.030031,0.022,0.024
0.024,31000,0.031133,0.024,0.024
0.023,32000,0.032036,0.023,0.023
0.024,33000,0.033032,0.024,0.025
0.027,34000,0.03415,0.024,0.026
0.029,35000,0.035085,0.026,0.027
0.027,36000,0.036038,0.027,0.027
0.027,37000,0.037044,0.028,0.03
0.028,38000,0.038037,0.028,0.029
0.031,39000,0.039042,0.03,0.028
0.031,40000,0.040151,0.032,0.03
0.032,41000,0.041042,0.031,0.031
0.031,42000,0.042051,0.033,0.032
0.031,43000,0.043047,0.032,0.032
0.033,44000,0.044043,0.033,0.035
0.035,45000,0.045056,0.034,0.032
0.034,46000,0.046054,0.034,0.033
0.037,47000,0.047161,0.034,0.036
0.035,48000,0.048054,0.035,0.035
0.036,49000,0.049052,0.035,0.035
0.04,50000,0.050057,0.036,0.037
0.037,51000,0.051056,0.039,0.038
0.04,52000,0.052054,0.037,0.039
0.04,53000,0.053053,0.038,0.039
0.042,54000,0.054055,0.04,0.04
0.041,55000,0.055055,0.041,0.042
0.04,56000,0.056155,0.041,0.041
0.042,57000,0.057066,0.041,0.041
0.044,58000,0.058067,0.042,0.042
0.045,59000,0.059068,0.045,0.043
0.045,60000,0.060068,0.043,0.045
0.046,61000,0.061154,0.044,0.044
0.045,62000,0.062071,0.047,0.044
0.055,63000,0.063133,0.048,0.046
0.049,64000,0.064073,0.047,0.047
0.048,65000,0.06525,0.047,0.048
0.049,66000,0.06607,0.048,0.048
0.051,67000,0.06707,0.049,0.05
0.051,68000,0.068072,0.049,0.05
0.051,69000,0.069069,0.05,0.052
0.051,70000,0.070079,0.051,0.053
0.052,71000,0.071077,0.053,0.054
0.055,72000,0.072164,0.054,0.053
0.056,73000,0.073078,0.053,0.054
0.055,74000,0.074077,0.054,0.054
0.055,75000,0.075083,0.056,0.054
0.056,76000,0.076083,0.056,0.056
0.057,77000,0.077182,0.058,0.055
0.059,78000,0.078161,0.06,0.057
0.058,79000,0.079091,0.058,0.057
0.059,80000,0.080086,0.058,0.059
0.06,81000,0.081089,0.06,0.059
0.062,82000,0.082086,0.061,0.059
0.061,83000,0.083083,0.064,0.062
0.065,84000,0.084085,0.061,0.061
0.062,85000,0.085178,0.062,0.063
0.063,86000,0.086095,0.062,0.063
0.064,87000,0.087092,0.066,0.066
0.066,88000,0.088105,0.064,0.066
0.067,89000,0.089101,0.064,0.065
0.067,90000,0.090217,0.066,0.067
0.066,91000,0.091099,0.066,0.068
0.069,92000,0.092097,0.067,0.07
0.069,93000,0.093095,0.068,0.07
0.069,94000,0.094097,0.068,0.07
0.07,95000,0.095098,0.07,0.071
0.071,96000,0.096104,0.071,0.071
0.073,97000,0.097108,0.071,0.071
0.073,98000,0.098104,0.072,0.073
0.072,99000,0.099109,0.072,0.072
0.074,100000,0.100109,0.073,0.072
0.074,101000,0.101112,0.073,0.075
0.074,102000,0.102108,0.074,0.074
0.076,103000,0.103112,0.074,0.076
0.076,104000,0.104108,0.076,0.076
0.077,105000,0.105169,0.077,0.076
0.077,106000,0.106108,0.08,0.077
0.079,107000,0.107216,0.078,0.079
0.08,108000,0.108108,0.08,0.078
0.082,109000,0.109144,0.079,0.084
0.08,110000,0.110247,0.082,0.08
0.082,111000,0.111208,0.08,0.083
0.081,112000,0.112119,0.083,0.083
0.083,113000,0.113116,0.083,0.083
0.083,114000,0.114123,0.084,0.087
0.084,115000,0.115206,0.084,0.084
0.085,116000,0.11621,0.085,0.086
0.086,117000,0.117137,0.086,0.087
0.085,118000,0.118123,0.085,0.085
0.088,119000,0.119133,0.085,0.086
0.088,120000,0.120301,0.088,0.089
0.088,121000,0.121128,0.087,0.091
0.089,122000,0.122125,0.089,0.091
0.091,123000,0.123221,0.089,0.093
0.091,124000,0.124136,0.092,0.155
0.092,125000,0.125159,0.092,0.094
0.091,126000,0.126226,0.09,0.096
0.092,127000,0.12723,0.091,0.096
0.092,128000,0.128218,0.093,0.096
0.093,129000,0.129299,0.094,0.1
0.094,130000,0.130205,0.096,0.096
0.096,131000,0.131173,0.096,0.097
0.096,132000,0.132147,0.095,0.101
0.098,133000,0.133143,0.096,0.1
0.098,134000,0.134142,0.096,0.101
0.098,135000,0.135141,0.097,0.102
0.1,136000,0.136144,0.098,0.101
0.101,137000,0.137142,0.099,0.1
0.1,138000,0.13815,0.1,0.103
0.101,139000,0.1392,0.1,0.143
0.104,140000,0.140278,0.103,0.128
0.103,141000,0.14117,0.103,0.107
0.104,142000,0.142163,0.103,0.108
0.107,143000,0.143157,0.105,0.106
0.104,144000,0.144237,0.107,0.115
0.106,145000,0.145245,0.107,0.108
0.108,146000,0.146149,0.105,0.113
0.107,147000,0.14716,0.105,0.111
0.107,148000,0.148166,0.107,0.113
0.108,149000,0.149173,0.108,0.11
0.109,150000,0.150254,0.109,0.113
0.11,151000,0.151153,0.111,0.11
0.111,152000,0.152159,0.11,0.11
0.113,153000,0.15317,0.112,0.15
0.117,154000,0.154161,0.111,0.119
0.117,155000,0.155208,0.113,0.115
0.115,156000,0.156558,0.112,0.116
0.114,157000,0.157251,0.113,0.116
0.114,158000,0.158168,0.114,0.119
0.116,159000,0.159164,0.117,0.117
0.116,160000,0.160177,0.116,0.118
0.117,161000,0.161266,0.118,0.118
0.118,162000,0.162171,0.119,0.119
0.117,163000,0.163172,0.119,0.119
0.12,164000,0.164169,0.119,0.122
0.12,165000,0.165176,0.12,0.123
0.122,166000,0.166179,0.123,0.121
0.121,167000,0.167187,0.263,0.123
0.122,168000,0.168188,0.134,0.125
0.124,169000,0.169264,0.128,0.127
0.123,170000,0.170173,0.126,0.126
0.125,171000,0.171174,0.138,0.125
0.128,172000,0.172187,0.132,0.127
0.128,173000,0.173191,0.18,0.128
0.129,174000,0.17418,0.134,0.129
0.13,175000,0.175265,0.131,0.129
0.129,176000,0.17626,0.131,0.133
0.131,177000,0.177195,0.138,0.13
0.129,178000,0.178219,0.14,0.133
0.132,179000,0.179221,0.134,0.133
0.133,180000,0.180187,0.132,0.135
0.133,181000,0.181192,0.174,0.134
0.135,182000,0.182187,0.133,0.134
0.133,183000,0.183188,0.135,0.133
0.134,184000,0.184193,0.139,0.134
0.135,185000,0.185298,0.134,0.146
0.135,186000,0.18619,0.135,0.141
0.135,187000,0.187197,0.137,0.142
0.142,188000,0.188211,0.14,0.144
0.138,189000,0.189325,0.136,0.142
0.138,190000,0.190285,0.139,0.143
0.141,191000,0.191199,0.139,0.142
0.142,192000,0.192357,0.138,0.141
0.142,193000,0.193201,0.142,0.143
0.142,194000,0.194295,0.149,0.142
0.147,195000,0.195286,0.142,0.145
0.143,196000,0.196204,0.144,0.143
0.146,197000,0.19721,0.144,0.146
0.145,198000,0.19821,0.146,0.145
0.144,199000,0.199207,0.147,0.149
0.145,200000,0.200289,0.144,0.148
0.145,201000,0.201215,0.146,0.149
0.148,202000,0.202286,0.147,0.155
0.148,203000,0.203219,0.147,0.155
0.148,204000,0.204216,0.148,0.186
0.15,205000,0.206585,0.149,0.181
0.15,206000,0.206295,0.149,0.162
0.152,207000,0.207208,0.151,0.161
0.154,208000,0.208233,0.15,0.164
0.152,209000,0.209314,0.153,0.155
0.154,210000,0.21079,0.155,0.16
0.155,211000,0.211285,0.154,0.161
0.156,212000,0.212316,0.154,0.16
0.156,213000,0.213251,0.155,0.165
0.156,214000,0.214294,0.155,0.161
0.158,215000,0.215304,0.154,0.161
0.158,216000,0.216221,0.155,0.163
0.158,217000,0.217232,0.157,0.161
0.161,218000,0.218231,0.157,0.163
0.16,219000,0.219348,0.159,0.173
0.16,220000,0.220239,0.159,0.165
0.162,221000,0.22123,0.161,0.165
0.164,222000,0.222309,0.162,0.167
0.164,223000,0.223239,0.162,0.166
0.165,224000,0.224293,0.163,0.164
0.165,225000,0.225231,0.161,0.165
0.165,226000,0.226511,0.162,0.167
0.166,227000,0.227327,0.166,0.169
0.167,228000,0.229855,0.165,0.169
0.167,229000,0.22951,0.168,0.168
0.169,230000,0.230304,0.168,0.171
0.169,231000,0.231373,0.167,0.175
0.171,232000,0.232233,0.168,0.169
0.171,233000,0.234058,0.169,0.172
0.17,234000,0.234247,0.17,0.175
0.171,235000,0.235314,0.169,0.173
0.173,236000,0.236315,0.17,0.174
0.172,237000,0.237325,0.17,0.173
0.172,238000,0.238244,0.172,0.174
0.175,239000,0.23932,0.173,0.176
0.205,240000,0.240251,0.174,0.176
0.176,241000,0.241246,0.177,0.178
0.177,242000,0.242248,0.175,0.178
0.177,243000,0.243321,0.178,0.182
0.176,244000,0.244326,0.176,0.179
0.177,245000,0.245331,0.177,0.18
0.177,246000,0.246518,0.178,0.18
0.178,247000,0.24736,0.181,0.183
0.181,248000,0.248353,0.181,0.182
0.183,249000,0.250149,0.196,0.182
0.184,250000,0.250389,0.18,0.184
0.183,251000,0.251261,0.182,0.186
0.182,252000,0.252369,0.182,0.184
0.183,253000,0.253277,0.184,0.186
0.186,254000,0.254387,0.183,0.188
0.184,255000,0.255272,0.186,0.196
0.184,256000,0.256391,0.187,0.191
0.185,257000,0.257322,0.186,0.191
0.187,258000,0.258395,0.185,0.189
0.189,259000,0.259272,0.188,0.19
0.187,260000,0.260391,0.188,0.191
0.188,261000,0.261285,0.188,0.193
0.188,262000,0.26234,0.191,0.194
0.189,263000,0.263281,0.19,0.194
0.191,264000,0.264278,0.193,0.196
0.192,265000,0.265279,0.192,0.198
0.192,266000,0.266456,0.194,0.195
0.193,267000,0.267284,0.192,0.197
0.194,268000,0.26847,0.194,0.199
0.196,269000,0.26975,0.194,0.202
0.195,270000,0.270287,0.195,0.199
0.197,271000,0.271333,0.196,0.199
0.196,272000,0.272294,0.197,0.205
0.198,273000,0.273287,0.196,0.206
0.198,274000,0.274448,0.197,0.203
0.201,275000,0.27573,0.198,0.208
0.203,276000,0.2763,0.2,0.205
0.202,277000,0.277454,0.2,0.206
0.2,278000,0.278305,0.2,0.206
0.202,279000,0.279296,0.201,0.206
0.201,280000,0.280304,0.202,0.208
0.208,281000,0.281508,0.202,0.207
0.203,282000,0.282302,0.203,0.208
0.204,283000,0.283475,0.205,0.207
0.204,284000,0.284651,0.204,0.208
0.207,285000,0.285308,0.206,0.209
0.208,286000,0.288228,0.207,0.213
0.207,287000,0.287312,0.207,0.211
0.207,288000,0.288293,0.209,0.211
0.208,289000,0.289419,0.209,0.212
0.209,290000,0.291281,0.209,0.21
0.21,291000,0.291423,0.211,0.213
0.211,292000,0.292887,0.212,0.213
0.21,293000,0.293722,0.212,0.215
0.211,294000,0.29459,0.212,0.215
0.212,295000,0.295903,0.214,0.216
0.213,296000,0.296432,0.214,0.216
0.214,297000,0.297545,0.217,0.218
0.216,298000,0.298562,0.215,0.221
0.217,299000,0.299569,0.216,0.217
0.215,300000,0.300778,0.217,0.217
0.218,301000,0.30153,0.219,0.216
0.218,302000,0.303173,0.218,0.218
0.219,303000,0.304906,0.219,0.219
0.22,304000,0.304842,0.22,0.22
0.22,305000,0.305902,0.222,0.219
0.223,306000,0.306454,0.223,0.22
0.221,307000,0.30892,0.225,0.221
0.221,308000,0.308448,0.223,0.222
0.223,309000,0.30968,0.226,0.226
0.223,310000,0.310486,0.225,0.225
0.224,311000,0.311406,0.224,0.225
0.225,312000,0.312443,0.226,0.225
0.225,313000,0.313575,0.226,0.228
0.226,314000,0.314419,0.228,0.227
0.227,315000,0.315555,0.227,0.228
0.255,316000,0.316429,0.228,0.227
0.228,317000,0.317835,0.229,0.228
0.23,318000,0.318433,0.233,0.23
0.23,319000,0.319928,0.23,0.231
0.23,320000,0.320463,0.231,0.232
0.233,321000,0.321626,0.232,0.233
0.232,322000,0.322526,0.233,0.233
0.232,323000,0.323453,0.234,0.234
0.233,324000,0.324505,0.234,0.233
0.234,325000,0.325618,0.234,0.234
0.235,326000,0.326349,0.236,0.235
0.235,327000,0.327436,0.237,0.235
0.236,328000,0.328481,0.237,0.237
0.237,329000,0.329615,0.238,0.241
0.24,330000,0.330451,0.239,0.239
0.239,331000,0.331364,0.24,0.238
0.24,332000,0.332458,0.24,0.238
0.24,333000,0.333363,0.24,0.24
0.243,334000,0.33436,0.242,0.242
0.241,335000,0.336834,0.245,0.242
0.246,336000,0.336346,0.243,0.244
0.243,337000,0.337449,0.243,0.243
0.245,338000,0.338554,0.244,0.243
0.245,339000,0.33937,0.246,0.244
0.246,340000,0.34098,0.245,0.244
0.245,341000,0.341446,0.247,0.244
0.247,342000,0.34236,0.248,0.265
0.247,343000,0.343363,0.251,0.247
0.249,344000,0.344484,0.248,0.25
0.248,345000,0.345655,0.248,0.25
0.251,346000,0.346425,0.249,0.249
0.25,347000,0.34737,0.251,0.249
0.253,348000,0.348356,0.25,0.251
0.254,349000,0.349825,0.252,0.252
0.252,350000,0.350436,0.253,0.252
0.254,351000,0.351469,0.253,0.252
0.255,352000,0.352554,0.255,0.257
0.257,353000,0.353545,0.256,0.256
0.255,354000,0.354433,0.258,0.255
0.259,355000,0.355528,0.257,0.255
0.258,356000,0.356575,0.259,0.257
0.259,357000,0.357379,0.26,0.258
0.258,358000,0.358676,0.26,0.261
0.262,359000,0.35959,0.259,0.261
0.258,360000,0.360638,0.26,0.26
0.261,361000,0.361458,0.262,0.259
0.261,362000,0.362868,0.261,0.261
0.261,363000,0.365162,0.262,0.261
0.264,364000,0.364841,0.264,0.261
0.265,365000,0.365784,0.262,0.263
0.267,366000,0.367129,0.262,0.264
0.264,367000,0.367875,0.264,0.266
0.265,368000,0.368475,0.265,0.267
0.266,369000,0.369935,0.267,0.266
0.268,370000,0.370655,0.268,0.269
0.267,371000,0.371391,0.269,0.267
0.267,372000,0.372433,0.268,0.267
0.269,373000,0.373403,0.27,0.269
0.269,374000,0.374608,0.272,0.27
0.269,375000,0.375485,0.274,0.271
0.27,376000,0.3764,0.273,0.273
0.272,377000,0.378097,0.273,0.271
0.275,378000,0.378481,0.275,0.274
0.272,379000,0.37958,0.276,0.275
0.273,380000,0.38053,0.276,0.276
0.273,381000,0.381679,0.277,0.276
0.276,382000,0.382524,0.283,0.278
0.278,383000,0.383511,0.277,0.276
0.277,384000,0.384643,0.279,0.278
0.279,385000,0.385633,0.282,0.278
0.278,386000,0.386566,0.279,0.279
0.278,387000,0.387482,0.281,0.279
0.279,388000,0.38887,0.28,0.279
0.279,389000,0.389749,0.282,0.283
0.282,390000,0.390561,0.282,0.282
0.281,391000,0.391469,0.282,0.284
0.283,392000,0.392811,0.282,0.285
0.284,393000,0.393461,0.284,0.285
0.283,394000,0.394636,0.285,0.284
0.284,395000,0.395538,0.284,0.286
0.285,396000,0.396585,0.288,0.286
0.288,397000,0.397816,0.287,0.285
0.285,398000,0.398961,0.287,0.285
0.288,399000,0.400082,0.287,0.29
0.313,400000,0.400528,0.287,0.289
0.288,401000,0.402121,0.289,0.288
0.289,402000,0.402996,0.292,0.289
0.29,403000,0.403773,0.292,0.29
0.293,404000,0.404799,0.295,0.29
0.292,405000,0.406152,0.293,0.294
0.292,406000,0.406804,0.292,0.296
0.292,407000,0.407996,0.293,0.294
0.293,408000,0.408911,0.295,0.295
0.293,409000,0.409921,0.295,0.298
0.295,410000,0.41054,0.295,0.299
0.297,411000,0.411869,0.296,0.296
0.297,412000,0.412744,0.3,0.3
0.298,413000,0.414219,0.301,0.299
0.297,414000,0.415098,0.302,0.304
0.301,415000,0.416517,0.301,0.302
0.301,416000,0.41701,0.304,0.3
0.3,417000,0.418617,0.302,0.3
0.3,418000,0.418908,0.345,0.301
0.301,419000,0.419895,0.315,0.302
0.302,420000,0.420726,0.347,0.303
0.302,421000,0.421624,0.31,0.304
0.303,422000,0.422759,0.311,0.303
0.306,423000,0.423738,0.306,0.304
0.306,424000,0.424648,0.307,0.306
0.308,425000,0.425834,0.31,0.31
0.309,426000,0.427139,0.308,0.309
0.308,427000,0.428211,0.317,0.307
0.31,428000,0.428902,0.309,0.307
0.31,429000,0.429884,0.315,0.308
0.311,430000,0.430612,0.315,0.313
0.311,431000,0.431623,0.314,0.31
0.314,432000,0.432574,0.312,0.337
0.311,433000,0.433683,0.334,0.314
0.312,434000,0.434691,0.335,0.313
0.313,435000,0.435667,0.362,0.315
0.313,436000,0.436641,0.32,0.316
0.315,437000,0.437737,0.317,0.317
0.315,438000,0.439109,0.368,0.315
0.317,439000,0.439715,0.336,0.316
0.317,440000,0.441378,0.341,0.315
0.317,441000,0.44161,0.34,0.319
0.318,442000,0.443102,0.384,0.319
0.319,443000,0.443859,0.336,0.32
0.32,444000,0.444878,0.336,0.32
0.32,445000,0.445523,0.401,0.32
0.32,446000,0.446671,0.34,0.321
0.321,447000,0.447986,0.35,0.32
0.325,448000,0.449068,0.387,0.321
0.324,449000,0.450085,0.334,0.323
0.323,450000,0.451191,0.338,0.323
0.325,451000,0.452108,0.378,0.325
0.326,452000,0.453215,0.345,0.329
0.326,453000,0.453775,0.336,0.325
0.326,454000,0.455127,0.378,0.326
0.329,455000,0.455949,0.334,0.327
0.332,456000,0.457202,0.336,0.329
0.331,457000,0.457825,0.333,0.328
0.33,458000,0.458729,0.333,0.329
0.335,459000,0.459848,0.335,0.332
0.334,460000,0.461068,0.334,0.331
0.334,461000,0.461907,0.334,0.333
0.334,462000,0.462742,0.335,0.334
0.337,463000,0.464203,0.333,0.337
0.333,464000,0.464799,0.335,0.337
0.335,465000,0.466055,0.34,0.337
0.335,466000,0.466746,0.337,0.34
0.336,467000,0.468497,0.339,0.337
0.337,468000,0.468882,0.338,0.337
0.339,469000,0.469941,0.34,0.337
0.338,470000,0.471069,0.34,0.339
0.34,471000,0.471906,0.338,0.339
0.34,472000,0.473099,0.339,0.34
0.343,473000,0.474454,0.342,0.342
0.343,474000,0.475069,0.343,0.343
0.342,475000,0.475652,0.343,0.343
0.344,476000,0.477031,0.343,0.343
0.343,477000,0.47794,0.348,0.347
0.343,478000,0.479157,0.348,0.343
0.345,479000,0.479552,0.346,0.344
0.345,480000,0.480929,0.349,0.345
0.35,481000,0.482301,0.348,0.345
0.348,482000,0.482864,0.347,0.346
0.347,483000,0.483958,0.349,0.35
0.375,484000,0.485093,0.349,0.351
0.35,485000,0.48632,0.349,0.351
0.353,486000,0.487003,0.351,0.352
0.352,487000,0.487829,0.352,0.351
0.352,488000,0.488924,0.355,0.352
0.353,489000,0.48991,0.355,0.351
0.355,490000,0.491254,0.354,0.354
0.353,491000,0.492216,0.355,0.355
0.355,492000,0.492961,0.357,0.356
0.356,493000,0.493912,0.356,0.358
0.357,494000,0.495138,0.354,0.356
0.356,495000,0.495597,0.359,0.357
0.357,496000,0.496638,0.358,0.356
0.357,497000,0.497532,0.36,0.357
0.358,498000,0.498524,0.358,0.358
0.358,499000,0.499512,0.358,0.362
0.359,500000,0.502431,0.36,0.361
0.36,501000,0.501894,0.362,0.361
0.361,502000,0.502879,0.364,0.361
0.361,503000,0.503829,0.363,0.362
0.363,504000,0.504722,0.363,0.364
0.365,505000,0.505834,0.363,0.366
0.364,506000,0.506656,0.366,0.366
0.365,507000,0.507993,0.367,0.365
0.365,508000,0.508632,0.364,0.367
0.365,509000,0.510227,0.365,0.367
0.371,510000,0.510925,0.366,0.367
0.37,511000,0.51189,0.368,0.368
0.367,512000,0.51329,0.371,0.37
0.368,513000,0.514023,0.373,0.373
0.369,514000,0.5147,0.371,0.37
0.372,515000,0.516683,0.371,0.372
0.371,516000,0.51709,0.372,0.371
0.371,517000,0.518005,0.376,0.373
0.375,518000,0.518757,0.372,0.378
0.376,519000,0.520046,0.374,0.391
0.375,520000,0.520936,0.38,0.376
0.378,521000,0.522373,0.376,0.377
0.375,522000,0.522938,0.376,0.378
0.378,523000,0.524374,0.376,0.377
0.377,524000,0.525175,0.377,0.378
0.377,525000,0.526208,0.378,0.377
0.378,526000,0.52719,0.379,0.378
0.381,527000,0.528057,0.381,0.38
0.38,528000,0.528913,0.382,0.38
0.383,529000,0.530142,0.382,0.383
0.381,530000,0.531055,0.382,0.383
0.382,531000,0.532354,0.383,0.384
0.384,532000,0.533574,0.384,0.384
0.389,533000,0.533946,0.384,0.385
0.384,534000,0.535009,0.387,0.385
0.386,535000,0.536124,0.387,0.385
0.387,536000,0.536987,0.387,0.386
0.388,537000,0.537813,0.386,0.39
0.387,538000,0.538821,0.388,0.39
0.389,539000,0.540336,0.39,0.39
0.388,540000,0.541455,0.39,0.389
0.388,541000,0.541954,0.391,0.39
0.391,542000,0.543173,0.39,0.393
0.39,543000,0.544166,0.391,0.395
0.39,544000,0.54537,0.39,0.393
0.392,545000,0.546144,0.393,0.394
0.392,546000,0.546886,0.394,0.394
0.392,547000,0.548172,0.395,0.395
0.393,548000,0.549444,0.394,0.395
0.395,549000,0.550161,0.395,0.397
0.395,550000,0.551039,0.398,0.397
0.399,551000,0.552304,0.398,0.397
0.397,552000,0.552988,0.398,0.397
0.397,553000,0.553901,0.398,0.398
0.4,554000,0.555264,0.399,0.4
0.4,555000,0.556095,0.4,0.401
0.4,556000,0.557005,0.402,0.401
0.399,557000,0.557982,0.404,0.401
0.403,558000,0.559821,0.402,0.403
0.404,559000,0.559796,0.404,0.402
0.404,560000,0.56105,0.407,0.403
0.404,561000,0.56202,0.407,0.404
0.405,562000,0.564335,0.405,0.405
0.404,563000,0.563673,0.408,0.408
0.405,564000,0.564756,0.406,0.408
0.408,565000,0.565808,0.407,0.409
0.416,566000,0.566813,0.409,0.411
0.408,567000,0.568285,0.407,0.409
0.41,568000,0.56895,0.409,0.41
0.412,569000,0.570041,0.411,0.41
0.411,570000,0.571045,0.41,0.412
0.412,571000,0.571982,0.413,0.413
0.411,572000,0.573091,0.413,0.412
0.412,573000,0.573764,0.414,0.411
0.415,574000,0.574757,0.415,0.413
0.413,575000,0.576115,0.416,0.416
0.415,576000,0.577281,0.417,0.417
0.414,577000,0.577673,0.415,0.417
0.415,578000,0.578921,0.417,0.418
0.417,579000,0.580096,0.42,0.42
0.416,580000,0.580657,0.419,0.421
0.417,581000,0.581928,0.419,0.419
0.418,582000,0.582906,0.421,0.421
0.421,583000,0.583968,0.423,0.421
0.42,584000,0.584968,0.424,0.422
0.42,585000,0.585834,0.422,0.423
0.421,586000,0.588033,0.426,0.422
0.427,587000,0.587781,0.425,0.429
0.423,588000,0.588884,0.424,0.426
0.423,589000,0.589977,0.423,0.428
0.426,590000,0.591,0.423,0.426
0.426,591000,0.591661,0.426,0.425
0.427,592000,0.592932,0.427,0.427
0.427,593000,0.594483,0.431,0.428
0.427,594000,0.594761,0.429,0.427
0.43,595000,0.596235,0.433,0.432
0.429,596000,0.597227,0.43,0.429
0.43,597000,0.597985,0.432,0.431
0.43,598000,0.598956,0.432,0.431
0.431,599000,0.599945,0.431,0.433
0.433,600000,0.600768,0.434,0.434
0.435,601000,0.603142,0.435,0.436
0.432,602000,0.602769,0.433,0.433
0.433,603000,0.603992,0.436,0.435
0.435,604000,0.604894,0.434,0.437
0.434,605000,0.605657,0.439,0.442
0.435,606000,0.606854,0.438,0.439
0.436,607000,0.60772,0.436,0.437
0.437,608000,0.608718,0.437,0.438
0.439,609000,0.610435,0.438,0.439
0.438,610000,0.612138,0.439,0.439
0.441,611000,0.611837,0.44,0.44
0.44,612000,0.612827,0.442,0.441
0.441,613000,0.613873,0.447,0.442
0.443,614000,0.615131,0.442,0.447
0.442,615000,0.615939,0.442,0.444
0.443,616000,0.617117,0.445,0.443
0.444,617000,0.618309,0.444,0.445
0.446,618000,0.619758,0.448,0.446
0.447,619000,0.6209,0.446,0.447
0.446,620000,0.621409,0.446,0.446
0.449,621000,0.622577,0.447,0.448
0.45,622000,0.624089,0.451,0.449
0.448,623000,0.624696,0.45,0.45
0.451,624000,0.625302,0.449,0.45
0.449,625000,0.626057,0.45,0.453
0.45,626000,0.628194,0.45,0.451
0.452,627000,0.628526,0.453,0.452
0.452,628000,0.62946,0.453,0.452
0.455,629000,0.630576,0.454,0.455
0.454,630000,0.631756,0.454,0.453
0.454,631000,0.632859,0.454,0.455
0.454,632000,0.633554,0.458,0.455
0.456,633000,0.634803,0.457,0.459
0.455,634000,0.636183,0.456,0.457
0.458,635000,0.637122,0.459,0.456
0.457,636000,0.637388,0.458,0.46
0.457,637000,0.638533,0.459,0.461
0.461,638000,0.639182,0.461,0.459
0.461,639000,0.640696,0.462,0.462
0.461,640000,0.641303,0.462,0.463
0.461,641000,0.643103,0.462,0.462
0.46,642000,0.643516,0.463,0.465
0.463,643000,0.645435,0.464,0.463
0.463,644000,0.645585,0.463,0.465
0.463,645000,0.646323,0.465,0.464
0.465,646000,0.647109,0.469,0.465
0.48,647000,0.648605,0.467,0.465
0.465,648000,0.649565,0.469,0.466
0.467,649000,0.650742,0.467,0.468
0.47,650000,0.651177,0.467,0.467
0.468,651000,0.652639,0.468,0.471
0.471,652000,0.653475,0.471,0.468
0.47,653000,0.654454,0.473,0.472
0.471,654000,0.656087,0.473,0.471
0.473,655000,0.656298,0.473,0.472
0.473,656000,0.657603,0.474,0.474
0.472,657000,0.65902,0.475,0.475
0.475,658000,0.659961,0.474,0.476
0.473,659000,0.660466,0.475,0.48
0.476,660000,0.662043,0.479,0.477
0.476,661000,0.662229,0.474,0.479
0.476,662000,0.664153,0.478,0.48
0.476,663000,0.664532,0.48,0.48
0.478,664000,0.665541,0.478,0.478
0.478,665000,0.666667,0.479,0.483
0.481,666000,0.667568,0.481,0.483
0.48,667000,0.668373,0.48,0.483
0.483,668000,0.669648,0.483,0.481
0.483,669000,0.67003,0.487,0.482
0.482,670000,0.671636,0.486,0.482
0.484,671000,0.672732,0.484,0.483
0.484,672000,0.673595,0.484,0.504
0.483,673000,0.674571,0.484,0.485
0.487,674000,0.675378,0.488,0.489
0.488,675000,0.676693,0.487,0.485
0.486,676000,0.677058,0.488,0.485
0.492,677000,0.679281,0.491,0.485
0.488,678000,0.679527,0.491,0.488
0.489,679000,0.680936,0.492,0.49
0.49,680000,0.681466,0.489,0.491
0.49,681000,0.682796,0.491,0.492
0.491,682000,0.683375,0.492,0.494
0.491,683000,0.683955,0.492,0.492
0.493,684000,0.685543,0.494,0.493
0.493,685000,0.686247,0.495,0.493
0.496,686000,0.687967,0.499,0.496
0.495,687000,0.688593,0.495,0.495
0.496,688000,0.689143,0.495,0.495
0.498,689000,0.690072,0.497,0.497
0.497,690000,0.69182,0.499,0.498
0.498,691000,0.69209,0.497,0.497
0.498,692000,0.693647,0.497,0.497
0.499,693000,0.694467,0.502,0.5
0.502,694000,0.695437,0.5,0.501
0.499,695000,0.696469,0.502,0.5
0.502,696000,0.697626,0.499,0.502
0.501,697000,0.698158,0.501,0.504
0.503,698000,0.699112,0.504,0.505
0.503,699000,0.700141,0.506,0.503
0.505,700000,0.701653,0.506,0.508
0.503,701000,0.702762,0.507,0.504
0.506,702000,0.703698,0.506,0.505
0.504,703000,0.704282,0.507,0.506
0.507,704000,0.705084,0.507,0.509
0.507,705000,0.706501,0.508,0.506
0.508,706000,0.707035,0.509,0.508
0.508,707000,0.708092,0.508,0.51
0.512,708000,0.709532,0.511,0.512
0.511,709000,0.710986,0.516,0.512
0.51,710000,0.711279,0.511,0.51
0.511,711000,0.712223,0.514,0.512
0.511,712000,0.713104,0.513,0.513
0.512,713000,0.714178,0.518,0.515
0.515,714000,0.715249,0.517,0.513
0.513,715000,0.716771,0.515,0.514
0.514,716000,0.717943,0.518,0.517
0.517,717000,0.717962,0.517,0.515
0.519,718000,0.719391,0.517,0.516
0.521,719000,0.720053,0.524,0.516
0.518,720000,0.721533,0.523,0.518
0.519,721000,0.722788,0.521,0.521
0.521,722000,0.724462,0.522,0.522
0.522,723000,0.725032,0.521,0.522
0.521,724000,0.725187,0.522,0.522
0.524,725000,0.726528,0.522,0.523
0.586,726000,0.727657,0.521,0.522
0.533,727000,0.728242,0.525,0.524
0.569,728000,0.729617,0.524,0.522
0.53,729000,0.731781,0.527,0.528
0.53,730000,0.732012,0.53,0.527
0.529,731000,0.732644,0.527,0.527
0.527,732000,0.734191,0.525,0.528
0.527,733000,0.734733,0.526,0.528
0.529,734000,0.735041,0.529,0.529
0.529,735000,0.735933,0.533,0.528
0.529,736000,0.737565,0.529,0.53
0.532,737000,0.738328,0.531,0.529
0.533,738000,0.739413,0.53,0.533
0.532,739000,0.741037,0.533,0.532
0.531,740000,0.741357,0.535,0.536
0.535,741000,0.741957,0.536,0.534
0.533,742000,0.743613,0.534,0.536
0.533,743000,0.744665,0.536,0.535
0.534,744000,0.746456,0.537,0.536
0.536,745000,0.746892,0.537,0.536
0.539,746000,0.747374,0.537,0.537
0.537,747000,0.748465,0.539,0.539
0.537,748000,0.749701,0.54,0.538
0.54,749000,0.751015,0.539,0.54
0.54,750000,0.751837,0.54,0.54
0.54,751000,0.752608,0.541,0.54
0.54,752000,0.753067,0.543,0.541
0.541,753000,0.753942,0.544,0.542
0.541,754000,0.754976,0.545,0.543
0.544,755000,0.75619,0.546,0.544
0.546,756000,0.758825,0.547,0.546
0.548,757000,0.758427,0.545,0.558
0.546,758000,0.75902,0.549,0.549
0.546,759000,0.75995,0.547,0.546
0.547,760000,0.760928,0.549,0.55
0.549,761000,0.7625,0.549,0.548
0.55,762000,0.765104,0.55,0.548
0.549,763000,0.76395,0.551,0.55
0.548,764000,0.766053,0.553,0.553
0.55,765000,0.766244,0.55,0.551
0.555,766000,0.767388,0.552,0.553
0.553,767000,0.768263,0.554,0.554
0.554,768000,0.769096,0.555,0.553
0.554,769000,0.771021,0.557,0.559
0.554,770000,0.7711,0.554,0.554
0.555,771000,0.772644,0.556,0.553
0.562,772000,0.77319,0.559,0.558
0.56,773000,0.774327,0.558,0.557
0.557,774000,0.775433,0.559,0.558
0.557,775000,0.77769,0.559,0.557
0.557,776000,0.777875,0.559,0.56
0.558,777000,0.778676,0.559,0.561
0.563,778000,0.779498,0.56,0.562
0.56,779000,0.780238,0.56,0.563
0.562,780000,0.781464,0.562,0.565
0.561,781000,0.782694,0.562,0.564
0.564,782000,0.784095,0.562,0.562
0.565,783000,0.784747,0.565,0.564
0.563,784000,0.785291,0.565,0.564
0.567,785000,0.786436,0.565,0.563
0.567,786000,0.787673,0.566,0.565
0.568,787000,0.788598,0.57,0.567
0.567,788000,0.789718,0.568,0.569
0.568,789000,0.790756,0.568,0.568
0.571,790000,0.791227,0.574,0.57
0.569,791000,0.792081,0.571,0.569
0.572,792000,0.793298,0.578,0.573
0.572,793000,0.794053,0.573,0.57
0.57,794000,0.795644,0.573,0.573
0.571,795000,0.796344,0.572,0.572
0.572,796000,0.797758,0.576,0.574
0.576,797000,0.798588,0.575,0.574
0.573,798000,0.799339,0.576,0.575
0.576,799000,0.800382,0.575,0.577
0.576,800000,0.801358,0.578,0.578
0.576,801000,0.802585,0.579,0.58
0.578,802000,0.80329,0.581,0.577
0.578,803000,0.804264,0.579,0.58
0.577,804000,0.805115,0.581,0.583
0.578,805000,0.806113,0.579,0.579
0.579,806000,0.807606,0.581,0.579
0.582,807000,0.810735,0.58,0.583
0.581,808000,0.811419,0.581,0.585
0.584,809000,0.810594,0.582,0.584
0.588,810000,0.81184,0.584,0.583
0.583,811000,0.812362,0.584,0.583
0.585,812000,0.813226,0.584,0.588
0.584,813000,0.814587,0.586,0.587
0.586,814000,0.815372,0.589,0.587
0.587,815000,0.816432,0.587,0.589
0.587,816000,0.817465,0.588,0.59
0.588,817000,0.818629,0.592,0.589
0.588,818000,0.81919,0.588,0.594
0.588,819000,0.821277,0.591,0.59
0.589,820000,0.82126,0.591,0.59
0.589,821000,0.822413,0.595,0.592
0.591,822000,0.82355,0.593,0.595
0.591,823000,0.824562,0.593,0.592
0.591,824000,0.825442,0.593,0.594
0.592,825000,0.827485,0.595,0.595
0.595,826000,0.827644,0.594,0.596
0.594,827000,0.828889,0.597,0.598
0.595,828000,0.829329,0.596,0.596
0.597,829000,0.829329,0.597,0.596
0.597,830000,0.830494,0.6,0.598
0.597,831000,0.831418,0.598,0.599
0.598,832000,0.834006,0.6,0.599
0.6,833000,0.834277,0.602,0.598
0.6,834000,0.83484,0.601,0.6
0.602,835000,0.835111,0.604,0.6
0.605,836000,0.836271,0.602,0.601
0.602,837000,0.837588,0.602,0.601
0.604,838000,0.839756,0.602,0.602
0.603,839000,0.839402,0.606,0.621
0.603,840000,0.840236,0.607,0.605
0.604,841000,0.841306,0.605,0.607
0.607,842000,0.84223,0.61,0.605
0.607,843000,0.843453,0.608,0.606
0.609,844000,0.844851,0.607,0.61
0.607,845000,0.84569,0.61,0.61
0.607,846000,0.846479,0.609,0.61
0.611,847000,0.847278,0.613,0.61
0.609,848000,0.848321,0.61,0.61
0.609,849000,0.849082,0.609,0.613
0.612,850000,0.850147,0.612,0.613
0.613,851000,0.851595,0.613,0.614
0.612,852000,0.852367,0.64,0.614
0.613,853000,0.853521,0.617,0.614
0.617,854000,0.854538,0.613,0.616
0.616,855000,0.855458,0.616,0.616
0.618,856000,0.857338,0.617,0.615
0.615,857000,0.857595,0.617,0.617
0.616,858000,0.858611,0.621,0.618
0.619,859000,0.859451,0.62,0.621
0.618,860000,0.860419,0.622,0.62
0.618,861000,0.861238,0.619,0.622
0.619,862000,0.863518,0.622,0.623
0.629,863000,0.863267,0.623,0.623
0.632,864000,0.864561,0.623,0.622
0.714,865000,0.865478,0.625,0.625
0.748,866000,0.866113,0.622,0.625
0.677,867000,0.868035,0.623,0.627
0.674,868000,0.868071,0.627,0.625
0.648,869000,0.869484,0.627,0.628
0.644,870000,0.870431,0.626,0.629
0.643,871000,0.871516,0.627,0.627
0.649,872000,0.872456,0.629,0.628
0.652,873000,0.873949,0.63,0.629
0.651,874000,0.874636,0.632,0.629
0.678,875000,0.875477,0.629,0.631
0.654,876000,0.876383,0.633,0.631
0.656,877000,0.877151,0.632,0.632
0.653,878000,0.878326,0.632,0.631
0.659,879000,0.880734,0.634,0.631
0.667,880000,0.880902,0.634,0.635
0.653,881000,0.881407,0.635,0.634
0.653,882000,0.882249,0.635,0.635
0.652,883000,0.883927,0.638,0.637
0.656,884000,0.884252,0.635,0.64
0.659,885000,0.885294,0.637,0.637
0.659,886000,0.887249,0.639,0.638
0.658,887000,0.88795,0.641,0.638
0.656,888000,0.888742,0.641,0.642
0.657,889000,0.889767,0.643,0.638
0.658,890000,0.891179,0.641,0.644
0.659,891000,0.891042,0.643,0.642
0.664,892000,0.893831,0.643,0.643
0.686,893000,0.894805,0.646,0.649
0.664,894000,0.895694,0.644,0.646
0.659,895000,0.89624,0.648,0.645
0.658,896000,0.897908,0.648,0.644
0.66,897000,0.898344,0.644,0.646
0.661,898000,0.899252,0.648,0.647
0.66,899000,0.900105,0.648,0.649
0.661,900000,0.90223,0.653,0.648
0.666,901000,0.902343,0.652,0.648
0.664,902000,0.903091,0.658,0.652
0.663,903000,0.904345,0.732,0.653
0.663,904000,0.90525,0.662,0.65
0.669,905000,0.906316,0.664,0.652
0.666,906000,0.90738,0.656,0.651
0.67,907000,0.908723,0.665,0.651
0.669,908000,0.909162,0.688,0.653
0.671,909000,0.910329,0.696,0.657
0.675,910000,0.911121,0.657,0.659
0.675,911000,0.912332,0.681,0.657
0.671,912000,0.914265,0.704,0.656
0.669,913000,0.915489,0.753,0.66
0.673,914000,0.915143,0.719,0.661
0.677,915000,0.91632,0.709,0.66
0.673,916000,0.917123,0.683,0.663
0.675,917000,0.918843,0.673,0.66
0.674,918000,0.920099,0.677,0.66
0.674,919000,0.920142,0.683,0.668
0.676,920000,0.921154,0.715,0.662
0.676,921000,0.922576,0.676,0.663
0.681,922000,0.923619,0.675,0.665
0.68,923000,0.924748,0.672,0.667
0.679,924000,0.925352,0.673,0.666
0.684,925000,0.926308,0.684,0.665
0.68,926000,0.927247,0.675,0.665
0.679,927000,0.928439,0.679,0.667
0.691,928000,0.929607,0.684,0.669
0.691,929000,0.932038,0.68,0.667
0.684,930000,0.931363,0.68,0.67
0.685,931000,0.932415,0.684,0.671
0.685,932000,0.933404,0.685,0.671
0.684,933000,0.934083,0.685,0.67
0.682,934000,0.935575,0.702,0.672
0.686,935000,0.936586,0.684,0.672
0.69,936000,0.937241,0.692,0.677
0.688,937000,0.938062,0.782,0.679
0.688,938000,0.939836,0.682,0.676
0.692,939000,0.941335,0.682,0.676
0.69,940000,0.941319,0.68,0.677
0.692,941000,0.942323,0.681,0.68
0.697,942000,0.943654,0.688,0.68
0.704,943000,0.944309,0.708,0.678
0.709,944000,0.945855,0.773,0.685
0.723,945000,0.947574,0.69,0.681
0.711,946000,0.948107,0.687,0.681
0.704,947000,0.948352,0.688,0.681
0.709,948000,0.949433,0.688,0.684
0.698,949000,0.951584,0.708,0.684
0.699,950000,0.951849,0.854,0.683
0.711,951000,0.952318,1.013,0.685
0.938,952000,0.953327,0.88,0.684
0.764,953000,0.954501,0.941,0.684
0.709,954000,0.955776,0.927,0.689
0.71,955000,0.956487,0.941,0.688
0.706,956000,0.95805,0.932,0.686
0.738,957000,0.95844,0.836,0.691
1.042,958000,0.959309,0.7,0.689
0.706,959000,0.960658,0.701,0.69
0.697,960000,0.962424,0.703,0.691
0.7,961000,0.962672,0.708,0.691
0.704,962000,0.963385,0.697,0.693
0.705,963000,0.964394,0.701,0.694
0.706,964000,0.965542,0.7,0.694
0.7,965000,0.966676,0.729,0.695
0.704,966000,0.967892,0.721,0.698
0.706,967000,0.968314,0.711,0.697
0.704,968000,0.969474,0.714,0.703
0.706,969000,0.970819,0.717,0.7
0.706,970000,0.971629,0.712,0.698
0.702,971000,0.972396,0.711,0.699
0.704,972000,0.973399,0.713,0.702
0.706,973000,0.974807,0.713,0.7
0.708,974000,0.97578,0.71,0.702
0.704,975000,0.976801,0.713,0.706
0.705,976000,0.978605,0.712,0.702
0.705,977000,0.978988,0.714,0.703
0.705,978000,0.979551,0.71,0.704
0.704,979000,0.98056,0.715,0.707
0.705,980000,0.981374,0.719,0.707
0.706,981000,0.982753,0.767,0.71
0.707,982000,0.983739,0.72,0.708
0.709,983000,0.9846,0.718,0.707
0.707,984000,0.985558,0.724,0.707
0.71,985000,0.986765,0.721,0.711
0.715,986000,0.988934,0.728,0.713
0.711,987000,0.988438,0.722,0.712
0.71,988000,0.989629,0.727,0.715
0.712,989000,0.990695,0.725,0.713
0.715,990000,0.99252,0.729,0.715
0.712,991000,0.992723,0.723,0.713
0.712,992000,0.993338,0.726,0.714
0.714,993000,0.994753,0.723,0.718
0.713,994000,0.995522,0.725,0.717
0.714,995000,0.997186,0.727,0.716
0.715,996000,0.998215,0.735,0.719
0.716,997000,0.998538,0.754,0.738
0.719,998000,0.999449,0.729,0.719
0.72,999000,1.000146,0.733,0.72